Invoice #,Client,Job,Invoice Date,Amount,Status
INV-10235,Precision Painting Inc,Lawn maintenance,2026-08-02,1810.74,Paid
INV-10236,Green Thumb Landscaping,Interior paint,2026-09-17,2154.17,Paid
INV-10237,Sunrise Cleaning Co,Appliance repair,2026-09-08,180.5,Paid
INV-10238,Sunrise Cleaning Co,Pest treatment,2026-09-07,754.27,Sent
INV-10239,Summit Roofing LLC,Pool opening,2026-08-18,474.49,Overdue
INV-10240,Clearwater Pool Service,Pool opening,2026-09-08,723.11,Paid
INV-10241,Green Thumb Landscaping,Appliance repair,2026-08-19,2011.04,Paid
INV-10242,Rapid Rooter Solutions,Lawn maintenance,2026-08-03,1627.68,Sent
INV-10243,Metro Window Cleaning,Lawn maintenance,2026-08-25,753.78,Paid
INV-10244,Clearwater Pool Service,Deep clean,2026-09-12,728.71,Overdue
INV-10245,Martinez HVAC Services,Appliance repair,2026-09-16,678.17,Paid
INV-10246,Metro Window Cleaning,Drain cleaning,2026-08-15,1993.71,Sent
INV-10247,Desert Air Conditioning,Emergency callout,2026-08-21,604.79,Paid
INV-10248,Martinez HVAC Services,Panel upgrade,2026-08-09,682.31,Paid
INV-10249,Summit Roofing LLC,Pool opening,2026-08-15,2393.9,Paid
INV-10250,Metro Window Cleaning,Lawn maintenance,2026-08-10,1550.58,Sent
INV-10251,Coastal Tree Care,Pest treatment,2026-09-03,693.22,Paid
INV-10252,Green Thumb Landscaping,Interior paint,2026-09-04,1832.0,Sent
INV-10253,Northside Pest Control,Drain cleaning,2026-09-16,2116.94,Paid
INV-10254,Desert Air Conditioning,Lawn maintenance,2026-09-25,1545.68,Sent
INV-10255,Clearwater Pool Service,AC tune-up,2026-09-04,2293.98,Overdue
INV-10256,Northside Pest Control,Drain cleaning,2026-08-08,2238.34,Sent
INV-10257,Dave's Plumbing & Rooter,Deep clean,2026-09-06,2279.04,Paid
INV-10258,Elite Lawn Care,AC tune-up,2026-08-09,1624.23,Overdue
INV-10259,Allied Appliance Repair,Tree trimming,2026-08-28,2318.75,Overdue
INV-10260,Rapid Rooter Solutions,Panel upgrade,2026-08-26,2388.94,Paid
INV-10261,Green Thumb Landscaping,Deep clean,2026-08-15,265.98,Paid
INV-10262,Dave's Plumbing & Rooter,Lawn maintenance,2026-09-15,1558.91,Paid
INV-10263,Green Thumb Landscaping,Appliance repair,2026-08-16,754.93,Paid
INV-10264,Desert Air Conditioning,Tree trimming,2026-09-06,1197.69,Sent
INV-10265,Green Thumb Landscaping,Interior paint,2026-08-28,927.8,Paid
INV-10266,Precision Painting Inc,Lawn maintenance,2026-08-04,1037.98,Paid
INV-10267,Sunrise Cleaning Co,Appliance repair,2026-08-29,439.62,Paid
INV-10268,Green Thumb Landscaping,Pest treatment,2026-09-21,2083.88,Paid
INV-10269,Allied Appliance Repair,Drain cleaning,2026-08-06,2232.12,Sent
INV-10270,Northside Pest Control,Pest treatment,2026-08-14,2091.4,Overdue
INV-10271,Dave's Plumbing & Rooter,Roof inspection,2026-08-17,2232.46,Sent
INV-10272,Bay Area Electric,Deep clean,2026-08-04,1440.53,Paid
INV-10273,Northside Pest Control,Appliance repair,2026-09-24,1330.97,Paid
INV-10274,Green Thumb Landscaping,Tree trimming,2026-08-05,1659.48,Paid
INV-10275,Desert Air Conditioning,Tree trimming,2026-08-16,1439.94,Paid
INV-10276,Precision Painting Inc,Tree trimming,2026-09-06,1311.94,Overdue
INV-10277,Rapid Rooter Solutions,Pool opening,2026-08-16,725.6,Paid
INV-10278,Desert Air Conditioning,Lawn maintenance,2026-08-01,1164.89,Overdue
INV-10279,Allied Appliance Repair,Panel upgrade,2026-08-09,2247.83,Sent
INV-10280,Martinez HVAC Services,Pest treatment,2026-09-23,1358.54,Paid
INV-10281,Allied Appliance Repair,Drain cleaning,2026-09-12,1983.0,Paid
INV-10282,Martinez HVAC Services,Panel upgrade,2026-08-08,2148.54,Sent
INV-10283,Bay Area Electric,Tree trimming,2026-08-14,1756.16,Paid
INV-10284,Northside Pest Control,Panel upgrade,2026-09-24,235.82,Paid
INV-10285,Elite Lawn Care,AC tune-up,2026-09-10,2353.94,Paid
INV-10286,Allied Appliance Repair,Drain cleaning,2026-08-08,291.56,Sent
INV-10287,Metro Window Cleaning,Pool opening,2026-09-07,1379.76,Paid
INV-10288,Clearwater Pool Service,Drain cleaning,2026-08-23,598.97,Paid
INV-10289,Elite Lawn Care,Appliance repair,2026-09-25,1046.54,Paid
INV-10290,Desert Air Conditioning,Deep clean,2026-09-25,490.5,Sent
INV-10291,Summit Roofing LLC,Drain cleaning,2026-08-12,1799.37,Paid
INV-10292,Metro Window Cleaning,Emergency callout,2026-09-21,685.82,Paid
INV-10293,Dave's Plumbing & Rooter,Pest treatment,2026-08-15,575.03,Overdue
INV-10294,Precision Painting Inc,Deep clean,2026-08-26,868.44,Sent
